{
    "requests_completed": 81,
    "total_tokens_generated": 7462,
    "total_storage_io_latency": 539.8674796006235,
    "total_generation_latency": 223.86000000000007,
    "end_to_end_latencies": [
        3.5470575259823818,
        3.2268720289866906,
        4.252275865001138,
        4.716775024018716,
        5.255864738021046,
        7.163599545019679,
        8.147740091982996,
        8.20544035997591,
        12.58625639299862,
        12.460954125010176,
        12.72856333499658,
        11.144237369007897,
        13.438085493980907,
        10.223479865991976,
        19.58568336101598,
        15.520831236994127,
        17.305423956015147,
        12.882298882002942,
        12.743310582998674,
        18.649733188998653,
        18.153807089984184,
        17.83973737998167,
        17.55303291301243,
        15.807779693015618,
        16.821534176997375,
        20.139798691991018,
        18.995124374021543,
        20.140255923004588,
        15.594042829005048,
        18.301824978989316,
        28.02067382200039,
        21.900789141014684,
        27.202425830997527,
        26.80982370499987,
        28.45856467197882,
        24.973048435989767,
        29.74468892099685,
        28.52459256601287,
        34.84906211798079,
        30.138629504013807,
        35.327056295005605,
        40.7246698460076,
        37.86827014500159,
        43.4545425529941,
        40.83347939900705,
        46.380440313980216,
        46.29914333499619,
        47.30163832800463,
        53.40985683101462,
        50.5014074940118,
        49.787350836995756,
        51.412103298993316,
        59.13385004302836,
        57.64480451599229,
        62.3471606799867,
        57.23651954601519,
        62.43686628699652,
        57.66835707498831,
        61.37649395898916,
        68.1660072329978,
        58.67963729199255,
        64.59742088598432,
        65.33338163598091,
        63.08499687802396,
        64.23183164998773,
        63.977734923013486,
        66.45993779000128,
        61.33187144700787,
        67.1416343000019,
        67.69105445101741,
        68.22848310001427,
        66.59731845199713,
        70.42013796401443,
        67.30644813200342,
        70.14478290799889,
        71.378945303004,
        72.26080299698515,
        68.60545114800334,
        69.88326975700329,
        74.3992851949879,
        71.99217746499926
    ],
    "storage_latencies": [
        1.414439932006644,
        1.5119320090161636,
        1.384432024002308,
        1.3730932970065624,
        1.8715124470472801,
        2.3277400419756304,
        2.9257985100266524,
        3.4753956030181143,
        4.245306325959973,
        5.07014195699594,
        4.692706696980167,
        4.210431910032639,
        6.325745380017906,
        1.9515947030449752,
        6.172049674962182,
        5.438533249049215,
        5.629258367960574,
        3.3680541840731166,
        2.429313831991749,
        6.193281587969977,
        6.755203687993344,
        6.724933862948092,
        5.388736531982431,
        3.933328543935204,
        3.7844731170334853,
        3.434516044013435,
        4.457248160964809,
        4.559879479027586,
        2.0334399589628447,
        2.5150574660219718,
        7.902634924888844,
        4.21253599805641,
        8.969131255958928,
        8.80928597910679,
        9.500768434023485,
        5.887500195938628,
        9.413414477021433,
        5.621426001976943,
        13.197732460917905,
        5.23693504993571,
        7.740398589055985,
        8.413479384005768,
        8.981303085951367,
        10.53157899400685,
        10.173685814050259,
        12.115082983014872,
        11.47448172303848,
        12.22597971194773,
        14.241952436044812,
        7.08936607799842,
        5.11631420100457,
        4.342279514006805,
        17.39456200695713,
        18.413492095976835,
        19.654853107902454,
        5.804999530024361,
        20.710179692978272,
        5.341514180006925,
        8.25602500900277,
        23.134029062028276,
        2.894074537034612,
        7.860647542984225,
        9.569507424981566,
        5.04028820397798,
        6.649501900014002,
        5.480115078971721,
        7.616104317945428,
        2.7009420639660675,
        4.004279528046027,
        4.053092939022463,
        4.698799208941637,
        4.144997641968075,
        6.916258217970608,
        4.408133957971586,
        5.456507625989616,
        5.260895000974415,
        6.1247292660409585,
        3.9303572189819533,
        5.513372028974118,
        5.866807255020831,
        6.173568077996606
    ],
    "generation_latencies": [
        1.8299999999999998,
        1.3199999999999998,
        2.37,
        2.58,
        2.6399999999999997,
        3.81,
        4.47,
        1.53,
        3.57,
        2.73,
        2.61,
        2.28,
        2.28,
        1.6199999999999999,
        13.29,
        2.25,
        2.4899999999999998,
        3.03,
        1.98,
        4.02,
        2.4299999999999997,
        2.37,
        3.33,
        1.2,
        1.29,
        4.08,
        3.9,
        1.71,
        1.14,
        3.09,
        3.96,
        1.23,
        2.37,
        2.04,
        2.9699999999999998,
        2.79,
        3.3899999999999997,
        1.29,
        3.7199999999999998,
        1.26,
        2.4,
        3.7199999999999998,
        1.29,
        3.7199999999999998,
        1.38,
        2.4,
        1.5,
        1.77,
        4.109999999999999,
        2.28,
        1.29,
        1.56,
        3.84,
        2.4299999999999997,
        3.6599999999999997,
        1.92,
        2.31,
        1.77,
        2.07,
        3.69,
        1.05,
        4.08,
        3.42,
        3.21,
        3.51,
        3.6599999999999997,
        2.2199999999999998,
        1.8599999999999999,
        3.7199999999999998,
        2.82,
        3.51,
        2.67,
        3.12,
        1.38,
        3.4499999999999997,
        3.36,
        2.58,
        2.82,
        2.4899999999999998,
        3.84,
        3.7199999999999998
    ],
    "throughput_timeline": [],