{
  "fio version" : "fio-3.41",
  "timestamp" : 1780907588,
  "timestamp_ms" : 1780907588862,
  "time" : "Mon Jun  8 16:33:08 2026",
  "jobs" : [
    {
      "jobname" : "precondition",
      "groupid" : 0,
      "job_start" : 1780907286971,
      "error" : 0,
      "eta" : 0,
      "elapsed" : 302,
      "job options" : {
        "name" : "precondition",
        "filename" : "/home/ficus/llm/storage/results/kvcache-profile/fio_sweep_precond/precondition_100gb.dat",
        "rw" : "write",
        "bs" : "128k",
        "size" : "100G",
        "runtime" : "600",
        "time_based" : "",
        "ioengine" : "libaio",
        "iodepth" : "32",
        "direct" : "1",
        "numjobs" : "1",
        "group_reporting" : ""
      },
      "read" : {
        "io_bytes" : 0,
        "io_kbytes" : 0,
        "bw_bytes" : 0,
        "bw" : 0,
        "iops" : 0.000000,
        "runtime" : 0,
        "total_ios" : 0,
        "short_ios" : 0,
        "drop_ios" : 0,
        "slat_ns" : {
          "min" : 0,
          "max" : 0,
          "mean" : 0.000000,
          "stddev" : 0.000000,
          "N" : 0
        },
        "clat_ns" : {
          "min" : 0,
          "max" : 0,
          "mean" : 0.000000,
          "stddev" : 0.000000,
          "N" : 0
        },
        "lat_ns" : {
          "min" : 0,
          "max" : 0,
          "mean" : 0.000000,
          "stddev" : 0.000000,
          "N" : 0
        },
        "bw_min" : 0,
        "bw_max" : 0,
        "bw_agg" : 0.000000,
        "bw_mean" : 0.000000,
        "bw_dev" : 0.000000,
        "bw_samples" : 0,
        "iops_min" : 0,
        "iops_max" : 0,
        "iops_mean" : 0.000000,
        "iops_stddev" : 0.000000,
        "iops_samples" : 0
      },
      "write" : {
        "io_bytes" : 612444405760,
        "io_kbytes" : 598090240,
        "bw_bytes" : 2030159827,
        "bw" : 1982577,
        "iops" : 15488.890288,
        "runtime" : 301673,
        "total_ios" : 4672580,
        "short_ios" : 0,
        "drop_ios" : 0,
        "slat_ns" : {
          "min" : 6925,
          "max" : 36078679,
          "mean" : 14754.077521,
          "stddev" : 31059.220240,
          "N" : 4672580
        },
        "clat_ns" : {
          "min" : 22377,
          "max" : 269273629,
          "mean" : 2051011.478559,
          "stddev" : 2803698.709126,
          "N" : 4672580,
          "percentile" : {
            "1.000000" : 501760,
            "5.000000" : 536576,
            "10.000000" : 544768,
            "20.000000" : 1728512,
            "30.000000" : 1908736,
            "40.000000" : 1990656,
            "50.000000" : 2072576,
            "60.000000" : 2146304,
            "70.000000" : 2179072,
            "80.000000" : 2277376,
            "90.000000" : 2375680,
            "95.000000" : 2572288,
            "99.000000" : 5537792,
            "99.500000" : 8224768,
            "99.900000" : 36438016,
            "99.950000" : 45350912,
            "99.990000" : 129499136
          }
        },
        "lat_ns" : {
          "min" : 37427,
          "max" : 269288415,
          "mean" : 2065765.556080,
          "stddev" : 2803778.739718,
          "N" : 4672580
        },
        "bw_min" : 26624,
        "bw_max" : 7199232,
        "bw_agg" : 100.000000,
        "bw_mean" : 1983636.092869,
        "bw_dev" : 1104099.402012,
        "bw_samples" : 603,
        "iops_min" : 208,
        "iops_max" : 56244,
        "iops_mean" : 15497.150912,
        "iops_stddev" : 8625.777485,
        "iops_samples" : 603
      },
      "trim" : {
        "io_bytes" : 0,
        "io_kbytes" : 0,
        "bw_bytes" : 0,
        "bw" : 0,
        "iops" : 0.000000,
        "runtime" : 0,
        "total_ios" : 0,
        "short_ios" : 0,
        "drop_ios" : 0,
        "slat_ns" : {
          "min" : 0,
          "max" : 0,
          "mean" : 0.000000,
          "stddev" : 0.000000,
          "N" : 0
        },
        "clat_ns" : {
          "min" : 0,
          "max" : 0,
          "mean" : 0.000000,
          "stddev" : 0.000000,
          "N" : 0
        },
        "lat_ns" : {
          "min" : 0,
          "max" : 0,
          "mean" : 0.000000,
          "stddev" : 0.000000,
          "N" : 0
        },
        "bw_min" : 0,
        "bw_max" : 0,
        "bw_agg" : 0.000000,
        "bw_mean" : 0.000000,
        "bw_dev" : 0.000000,
        "bw_samples" : 0,
        "iops_min" : 0,
        "iops_max" : 0,
        "iops_mean" : 0.000000,
        "iops_stddev" : 0.000000,
        "iops_samples" : 0
      },
      "sync" : {
        "total_ios" : 0,
        "lat_ns" : {
          "min" : 0,
          "max" : 0,
          "mean" : 0.000000,
          "stddev" : 0.000000,
          "N" : 0
        }
      },
      "job_runtime" : 301672,
      "usr_cpu" : 6.110610,
      "sys_cpu" : 18.402106,
      "ctx" : 4022974,
      "majf" : 0,
      "minf" : 16,
      "iodepth_level" : {
        "1" : 0.100000,
        "2" : 0.100000,
        "4" : 0.100000,
        "8" : 0.100000,
        "16" : 0.100000,
        "32" : 99.999337,
        ">=64" : 0.000000
      },
      "iodepth_submit" : {
        "0" : 0.000000,
        "4" : 100.000000,
        "8" : 0.000000,
        "16" : 0.000000,
        "32" : 0.000000,
        "64" : 0.000000,
        ">=64" : 0.000000
      },
      "iodepth_complete" : {
        "0" : 0.000000,
        "4" : 99.999979,
        "8" : 0.000000,
        "16" : 0.000000,
        "32" : 0.100000,
        "64" : 0.000000,
        ">=64" : 0.000000
      },
      "latency_ns" : {
        "2" : 0.000000,
        "4" : 0.000000,
        "10" : 0.000000,
        "20" : 0.000000,
        "50" : 0.000000,
        "100" : 0.000000,
        "250" : 0.000000,
        "500" : 0.000000,
        "750" : 0.000000,
        "1000" : 0.000000
      },
      "latency_us" : {
        "2" : 0.000000,
        "4" : 0.000000,
        "10" : 0.000000,
        "20" : 0.000000,
        "50" : 0.010000,
        "100" : 0.010000,
        "250" : 0.010000,
        "500" : 0.928352,
        "750" : 12.791092,
        "1000" : 0.132004
      },
      "latency_ms" : {
        "2" : 26.732062,
        "4" : 58.011891,
        "10" : 0.988212,
        "20" : 0.154411,
        "50" : 0.220863,
        "100" : 0.021787,
        "250" : 0.017335,
        "500" : 0.010000,
        "750" : 0.000000,
        "1000" : 0.000000,
        "2000" : 0.000000,
        ">=2000" : 0.000000
      },
      "latency_depth" : 32,
      "latency_target" : 0,
      "latency_percentile" : 100.000000,
      "latency_window" : 0
    }
  ],
  "disk_util" : [
    {
      "name" : "nvme1n1",
      "read_ios" : 188,
      "write_ios" : 4723363,
      "read_sectors" : 2184,
      "write_sectors" : 1207593840,
      "read_merges" : 0,
      "write_merges" : 7071,
      "read_ticks" : 152,
      "write_ticks" : 10511516,
      "in_queue" : 10513672,
      "util" : 88.556470
    }
  ]
}